{"cameraMode":{"drawMode":0,"name":"Shaded","section":"Shading Mode"},"sceneLighting":true,"audioPlay":false,"sceneViewState":{"m_AlwaysRefresh":false,"showFog":true,"showSkybox":true,"showFlares":true,"showImageEffects":true,"showParticleSystems":true,"showVisualEffectGraphs":true,"m_FxEnabled":true},"in2DMode":false,"pivot":{"x":155.49171447753907,"y":459.29583740234377,"z":-57.75727844238281},"rotation":{"x":0.00865973811596632,"y":0.9849147200584412,"z":-0.04721701890230179,"w":0.1673193871974945},"size":196.0866241455078,"orthographic":false}