{"cameraMode":{"drawMode":0,"name":"Shaded","section":"Shading Mode"},"sceneLighting":true,"audioPlay":false,"sceneViewState":{"m_AlwaysRefresh":false,"showFog":true,"showSkybox":true,"showFlares":true,"showImageEffects":true,"showParticleSystems":true,"showVisualEffectGraphs":true,"m_FxEnabled":true},"in2DMode":false,"pivot":{"x":2.1994457244873049,"y":0.6152001619338989,"z":-2.0481009483337404},"rotation":{"x":-0.05936329439282417,"y":-0.9110878705978394,"z":0.14135342836380006,"w":-0.3828207850456238},"size":2.198469400405884,"orthographic":false}