{"cameraMode":{"drawMode":0,"name":"Shaded","section":"Shading Mode"},"sceneLighting":true,"audioPlay":false,"sceneViewState":{"m_AlwaysRefresh":false,"showFog":true,"showSkybox":true,"showFlares":true,"showImageEffects":true,"showParticleSystems":true,"showVisualEffectGraphs":true,"m_FxEnabled":true},"in2DMode":false,"pivot":{"x":0.4091489315032959,"y":-6.017165660858154,"z":20.57082176208496},"rotation":{"x":-0.16279028356075288,"y":-0.004155660979449749,"z":0.0006975389551371336,"w":-0.9867165088653565},"size":12.722928047180176,"orthographic":false}